{
    "loss": 0.6714587211608887,
    "accuracy": 0.8620689511299133
}